1,1,Rosillo,Bryant,,Male,01/01/2000,Grade 7,Fulltank,bryant@yahoo.com,1663605392.jpg,Catholic,Filipino,Juan,Juana,Carpenter,Cashier,9123456789,City,19/09/2022 16:36,19/09/2022 16:36
2,2,Bacsarsa,Joseph,,Male,01/01/2000,Grade 7,Fulltank,joseph@yahoo.com,Profilem.jpg,Catholic,Filipino,Juan,Juana,Carpenter,Cashier,9123456789,City,19/09/2022 16:36,19/09/2022 16:36
3,3,Kuan,Gio ,,Male,01/01/2000,Grade 7,Fulltank,gio@yahoo.com,1663609156.jpg,Catholic,Filipino,Juan,Juana,Carpenter,Cashier,9123456789,City,19/09/2022 16:36,19/09/2022 16:36
4,4,Palabrica,June Rey,,Male,01/01/2000,Grade 7,Fulltank,June@yahoo.com,Profilem.jpg,Catholic,Filipino,Juan,Juana,Carpenter,Cashier,9123456789,City,19/09/2022 16:36,19/09/2022 16:36
5,5,Recio,Timothy John,,Male,01/01/2000,Grade 7,Fulltank,timothy@yahoo.com,Profilem.jpg,Catholic,Filipino,Juan,Juana,Carpenter,Cashier,9123456789,City,19/09/2022 16:36,19/09/2022 16:36
6,6,Tejada,Nica,,Female,01/01/2000,Grade 7,Fulltank,nica@yahoo.com,Profilef.jpg,Catholic,Filipino,Juan,Juana,Carpenter,Cashier,9123456789,City,19/09/2022 16:36,19/09/2022 16:36
7,7,Nicolae,Pau,,Female,01/01/2000,Grade 7,Fulltank,pau@yahoo.com,Profilef.jpg,Catholic,Filipino,Juan,Juana,Carpenter,Cashier,9123456789,City,19/09/2022 16:36,19/09/2022 16:36
8,8,Belarmino,Ivan,,Male,01/01/2000,Grade 7,Fulltank,ivan@yahoo.com,Profilem.jpg,Catholic,Filipino,Juan,Juana,Carpenter,Cashier,9123456789,City,19/09/2022 16:36,19/09/2022 16:36
9,9,Villanueva,Raul,,Male,01/01/2000,Grade 7,Fulltank,raul@yahoo.com,Profilem.jpg,Catholic,Filipino,Juan,Juana,Carpenter,Cashier,9123456789,City,19/09/2022 16:36,19/09/2022 16:36
10,10,Hayag,Joel,,Male,01/01/2000,Grade 7,Fulltank,joel@yahoo.com,Profilem.jpg,Catholic,Filipino,Juan,Juana,Carpenter,Cashier,9123456789,City,19/09/2022 16:36,19/09/2022 16:36
11,11,Garcia,Bob Kyle ,,Male,01/01/2000,Grade 8,Halftank,bob@yahoo.com,Profilem.jpg,Catholic,Filipino,Juan,Juana,Carpenter,Cashier,9123456789,City,19/09/2022 16:36,19/09/2022 16:36
12,12,Plaza,Vic ,,Male,01/01/2000,Grade 8,Halftank,vic@yahoo.com,Profilem.jpg,Catholic,Filipino,Juan,Juana,Carpenter,Cashier,9123456789,City,19/09/2022 16:36,19/09/2022 16:36
13,13,Buco,Daniel John,,Male,01/01/2000,Grade 8,Halftank,daniel@yahoo.com,Profilem.jpg,Catholic,Filipino,Juan,Juana,Carpenter,Cashier,9123456789,City,19/09/2022 16:36,19/09/2022 16:36
14,14,Pablo,Celestine,,Female,01/01/2000,Grade 8,Halftank,celestine@yahoo.com,Profilef.jpg,Catholic,Filipino,Juan,Juana,Carpenter,Cashier,9123456789,City,19/09/2022 16:36,19/09/2022 16:36
15,15,Rico,Edson,,Male,01/01/2000,Grade 8,Halftank,edson@yahoo.com,Profilem.jpg,Catholic,Filipino,Juan,Juana,Carpenter,Cashier,9123456789,City,19/09/2022 16:36,19/09/2022 16:36
16,16,Guno,Jan Rafael ,,Male,01/01/2000,Grade 8,Halftank,jan@yahoo.com,Profilem.jpg,Catholic,Filipino,Juan,Juana,Carpenter,Cashier,9123456789,City,19/09/2022 16:36,19/09/2022 16:36
17,17,Bracero,Arjey,,Male,01/01/2000,Grade 8,Halftank,arjey@yahoo.com,Profilem.jpg,Catholic,Filipino,Juan,Juana,Carpenter,Cashier,9123456789,City,19/09/2022 16:36,19/09/2022 16:36
18,18,de Vera,Joshua ,,Male,01/01/2000,Grade 8,Halftank,joshua@yahoo.com,Profilem.jpg,Catholic,Filipino,Juan,Juana,Carpenter,Cashier,9123456789,City,19/09/2022 16:36,19/09/2022 16:36
19,19,Wines,Kevin Sef,,Male,01/01/2000,Grade 8,Halftank,kevin@yahoo.com,Profilem.jpg,Catholic,Filipino,Juan,Juana,Carpenter,Cashier,9123456789,City,19/09/2022 16:36,19/09/2022 16:36
20,20,Pabaya,Michael,,Male,01/01/2000,Grade 8,Halftank,michael@yahoo.com,Profilem.jpg,Catholic,Filipino,Juan,Juana,Carpenter,Cashier,9123456789,City,19/09/2022 16:36,19/09/2022 16:36
